<?xml version="1.0" ?>
<States>
    <MENU>
        <TEXTURES>
            <texture filename="assets/ui/playBtn.png" ID="playbutton"/>
            <texture filename="assets/ui/exitBtn.png" ID="exitbutton"/>
            <texture filename="assets/ui/sky_bg.png" ID="background"/>
            <texture filename="assets/ui/logo.png" ID="logo"/>
        </TEXTURES>
        
        <OBJECTS>
            <object type="ScrollingBackground" x="0" y="0" width="1280" height="720" textureID="background" numFrames="0" animSpeed="2"/>
            <object type="AnimatedGraphic" x="301" y="180" width="677" height="107" textureID="logo" numFrames="1" animSpeed="1"/>
            <object type="MenuButton" x="496" y="330" width="288" height="96" textureID="playbutton" numFrames="0" callbackID="1"/>
            <object type="MenuButton" x="496" y="450" width="288" height="96" textureID="exitbutton" numFrames="0" callbackID="2"/>
        </OBJECTS>
    </MENU>

    <GUIDE>
        <TEXTURES>
            <texture filename="assets/ui/sky_bg.png" ID="background"/>
            <texture filename="assets/ui/playBtn.png" ID="playBtn"/>
            <texture filename="assets/ui/guide.png" ID="guideImg"/>
        </TEXTURES>

        <OBJECTS>
            <object type="ScrollingBackground" x="0" y="0" width="1280" height="720" textureID="background" numFrames="0" animSpeed="2"/>
            <object type="AnimatedGraphic" x="220" y="50" width="841" height="576" textureID="guideImg" numFrames="1" animSpeed="2"/>
            <object type="MenuButton" x="496" y="570" width="288" height="96" textureID="playBtn" numFrames="0" callbackID="1"/>
        </OBJECTS>
    </GUIDE>

    <PAUSE>
        <TEXTURES>
            <texture filename="assets/ui/sky_bg.png" ID="background"/>
            <texture filename="assets/ui/resumeBtn.png" ID="resumebutton"/>
            <texture filename="assets/ui/mainMenuBtn.png" ID="mainbutton"/>
        </TEXTURES>
        
        <OBJECTS>
            <object type="ScrollingBackground" x="0" y="0" width="1280" height="720" textureID="background" numFrames="0" animSpeed="2"/>
            <object type="MenuButton" x="496" y="250" width="288" height="96" textureID="mainbutton" numFrames="0" callbackID="1"/>
            <object type="MenuButton" x="496" y="370" width="288" height="96" textureID="resumebutton" numFrames="0" callbackID="2"/>
        </OBJECTS>
    </PAUSE>

    
    <GAMEOVER>
        <TEXTURES>
            <texture filename="assets/ui/sky_bg.png" ID="background"/>
            <texture filename="assets/ui/mainMenuBtn.png" ID="mainbutton"/>
            <texture filename="assets/ui/restartBtn.png" ID="restartbutton"/>
            <texture filename="assets/ui/youlose.png" ID="youlose"/>
        </TEXTURES>
        
        <OBJECTS>
            <object type="ScrollingBackground" x="0" y="0" width="1280" height="720" textureID="background" numFrames="0" animSpeed="2"/>
            <object type="AnimatedGraphic" x="453" y="100" width="373" height="238" textureID="youlose" numFrames="1" animSpeed="2"/>
            <object type="MenuButton" x="496" y="350" width="288" height="96" textureID="mainbutton" numFrames="0" callbackID="1"/>
            <object type="MenuButton" x="496" y="470" width="288" height="96" textureID="restartbutton" numFrames="0" callbackID="2"/>
        </OBJECTS>
    </GAMEOVER>

    <LEVELCOMPLETED>
        <TEXTURES>
            <texture filename="assets/ui/sky_bg.png" ID="background"/>
            <texture filename="assets/ui/mainMenuBtn.png" ID="mainbutton"/>
            <texture filename="assets/ui/nextLevelBtn.png" ID="nextBtn"/>
            <texture filename="assets/ui/levelCompleted.png" ID="completed"/>
        </TEXTURES>

        <OBJECTS>
            <object type="ScrollingBackground" x="0" y="0" width="1280" height="720" textureID="background" numFrames="0" animSpeed="2"/>
            <object type="AnimatedGraphic" x="310" y="100" width="661" height="251" textureID="completed" numFrames="1" animSpeed="2"/>
            <object type="MenuButton" x="496" y="350" width="288" height="96" textureID="nextBtn" numFrames="0" callbackID="2"/>
            <object type="MenuButton" x="496" y="470" width="288" height="96" textureID="mainbutton" numFrames="0" callbackID="1"/>
        </OBJECTS>
    </LEVELCOMPLETED>

    <WIN>
        <TEXTURES>
            <texture filename="assets/ui/sky_bg.png" ID="background"/>
            <texture filename="assets/ui/mainMenuBtn.png" ID="mainbutton"/>
            <texture filename="assets/ui/restartBtn.png" ID="restartbutton"/>
            <texture filename="assets/ui/youwin.png" ID="youwin"/>
        </TEXTURES>

        <OBJECTS>
            <object type="ScrollingBackground" x="0" y="0" width="1280" height="720" textureID="background" numFrames="0" animSpeed="2"/>
            <object type="AnimatedGraphic" x="475" y="100" width="329" height="240" textureID="youwin" numFrames="1" animSpeed="2"/>
            <object type="MenuButton" x="496" y="350" width="288" height="96" textureID="mainbutton" numFrames="0" callbackID="1"/>
            <object type="MenuButton" x="496" y="470" width="288" height="96" textureID="restartbutton" numFrames="0" callbackID="2"/>
        </OBJECTS>
    </WIN>
</States>
